<?xml version="1.0" encoding="UTF-8" ?>
<!DOCTYPE configuration
  PUBLIC "-//mybatis.org//DTD Config 3.0//EN"
  "http://mybatis.org/dtd/mybatis-3-config.dtd">
  
<configuration>
	
	<properties resource="db.properties"/>
	
	<typeAliases>
		<typeAlias type="net.scit.vo.Board" alias="Board"/>
		<typeAlias type="net.scit.vo.Reply" alias="Reply"/>
	</typeAliases>

	<environments default="development">
		<environment id="development">
			<transactionManager type="JDBC" />
			<dataSource type="POOLED">
				<property name="driver" value="${driver}" />
				<property name="url" value="${url}" />
				<property name="username" value="${username}" />
				<property name="password" value="${password}" />
			</dataSource>
		</environment>
	</environments>
	
	<mappers>
		<mapper resource="boardMapper.xml" />
		<mapper resource="replyMapper.xml" />
	</mappers>
</configuration>